como mejorar el metodo buscar en c# con PagedList y Componente CHOSEN,0 ,0 ,9 
Problema con .width(),0 ,1 ,19 
¿Cómo limpar carácteres indeseables (SALTOS DE LINEA) en un texto? (Uncaught SyntaxError: Invalid or unexpected token),0 ,1 ,18 
¿Cómo verificar si una tag html es una tag especifica de un array &ldquo;.class&rdquo; desde JQuery?,0 ,2 ,7 
contenido de navbar desaparece al hacer clic cuando colapsa,0 ,0 ,6 
Reemplazar texto con JQuery?,0 ,1 ,49 
Calcular MCD y mcm con javascript,0 ,0 ,21 
Recorre una tabla dinamica en Jquery,0 ,1 ,345 
Calculadora jQuery concatena en vez de sumar,0 ,1 ,86 
Disabled no funciona Javascript,1 ,2 ,246 
¿Cuál es la diferencia entre JQuery; JQueryUI y JQueryMobile?,0 ,1 ,15 
¿Porque no puedo ocultar una etiqueta &lt;li&gt;; jquery?,0 ,1 ,37 
Enviar valores de Checkbox de un datatables,1 ,1 ,387 
¿Cómo desplazarse en una tabla por medio del teclado?,0 ,1 ,17 
