Comparar y Validar &ldquo;Hashing&rdquo; en Python,0 ,0 ,5 
Trabajar columna de tipo string con acentos en pandas,0 ,1 ,18 
Ejecutar dos programas al mismo tiempo,2 ,2 ,1k 
Librerias vs llamadas al sistema,-1 ,1 ,22 
¿Cómo puedo declarar una función lambda como argumento en una función?,0 ,3 ,36 
Tkinter error 'list' object has no attribute 'get',0 ,2 ,341 
tkinter; metodo .get no retorna nada,0 ,2 ,349 
Intento adapatar Python a Sublime Text pero me muestra el siguiente mensaje por pantalla: there are no packages available for installation,-1 ,1 ,148 
¿Cuál es el flujo interno de una función de iteradores en Python?,0 ,2 ,29 
Recorrer carpetas python,0 ,2 ,17 
Contar número de posiciones que coinciden elementos de dos listas,1 ,2 ,27 
busqueda caracter python,0 ,1 ,27 
Extraer filas de una base de datos,0 ,1 ,346 
¿Qué metodo me devuelve la clave dando como argumento su valor en los diccionarios?,1 ,2 ,27 
