Programador y  Soporte Técnico,GALAVOYAGER,Quito; Pichincha,Tiempo Completo,Contrato por tiempo determinado,1.00 $ (Neto mensual)
Programador front end,IMnegocios,Quito; Pichincha,Tiempo Completo,Contrato por tiempo indefinido,A convenir
Desarrollador@; Programador,GEDATECU SA,Rumiñahui; Pichincha,Tiempo Completo,Contrato por tiempo indefinido,1.00 $ (Neto mensual)
Programador Semi Senior,iT/Corp (Innovatecorp S.A.),Guayaquil; Guayas,Tiempo Completo,Contrato por tiempo determinado,A convenir
Ing. en Sistemas/ Programador,Inveligent S. A.,Guayaquil; Guayas,Tiempo Completo,Contrato por tiempo indefinido,A convenir
Programador JAVA/WEB,Guayaquil; Guayas,Tiempo Completo,Contrato por tiempo determinado,A convenir,NULL
Programador,Indian Motos S. A.,Cuenca; Azuay,Tiempo Completo,Contrato por tiempo indefinido,800.00 $ (Neto mensual)
Programadores / Desarrolladores,SIBERIAN,Guayaquil; Guayas,Tiempo Completo,Contrato por tiempo indefinido,700.00 $ (Neto mensual)
ing Programador de Sistemas,Sistemas Informáticos Génesis,Portoviejo; Manabí,Tiempo Completo,Contrato por tiempo indefinido,A convenir
Programador Java Senior,InSoft,Quito; Pichincha,Tiempo Completo,Contrato por tiempo indefinido,A convenir
Programador/a,Bangara S.A.,Quito; Pichincha,Tiempo Completo,Contrato por tiempo indefinido,1;200.00 $ (Neto mensual)
Programadores Java,Corporación Kruger,Quito; Pichincha,Tiempo Completo,Contrato por tiempo indefinido,1.00 $ (Neto mensual)
Programador Junior,Quito; Pichincha,Tiempo Completo,Contrato por tiempo indefinido,A convenir,NULL
Programador/a web java,GEDATECU SA,Rumiñahui; Pichincha,Tiempo Completo,Contrato por tiempo indefinido,1.00 $ (Neto mensual)
Programador en Punto Net,KARNATAKA S.A.,Cuenca; Azuay,Tiempo Completo,Contrato por tiempo indefinido,749.00 $ (Neto mensual)
Programador/a java,Ambato; Tungurahua,Tiempo Completo,Contrato por tiempo indefinido,A convenir,NULL
Programador,SFE S.A.,Rumiñahui; Pichincha,Tiempo Completo,Contrato por tiempo determinado,A convenir
Programador/a Web,SoluDesign,Guayaquil; Guayas,Tiempo Completo,Contrato por tiempo determinado,550.00 $ (Neto mensual)
Programador/a,XIANG BUSINESS,Guayaquil; Guayas,Tiempo Completo,Contrato por tiempo indefinido,A convenir
Programador C#,Camilo Ponce Enríquez; Azuay,Tiempo Completo,Contrato por tiempo indefinido,A convenir,NULL
