Programador Junior plsql/Oracle y Programador Power Builder,i-Route Solutions,Guayaquil; Guayas,Tiempo Completo,Contrato por tiempo determinado,A convenir
Técnico Programador,Duramas Cía. Ltda. Matriz,Cuenca; Azuay,Tiempo Completo,Contrato por tiempo determinado,1.00 $ (Neto mensual)
Programador y  Soporte Técnico,GALAVOYAGER,Quito; Pichincha,Tiempo Completo,Contrato por tiempo determinado,1.00 $ (Neto mensual)
Programador front end,IMnegocios,Quito; Pichincha,Tiempo Completo,Contrato por tiempo indefinido,A convenir
Desarrollador@; Programador,GEDATECU SA,Rumiñahui; Pichincha,Tiempo Completo,Contrato por tiempo indefinido,1.00 $ (Neto mensual)
Programador Semi Senior,iT/Corp (Innovatecorp S.A.),Guayaquil; Guayas,Tiempo Completo,Contrato por tiempo determinado,A convenir
Programador Junior .Net,Sermatick,Quito; Pichincha,Tiempo Completo,Contrato por tiempo indefinido,700.00 $ (Neto mensual)
Programador/a,Sifizsoft S.A.,Quito; Pichincha,Tiempo Completo,Contrato por tiempo indefinido,A convenir
Programador web para desarrollo de aplicaciones financieras,Sifizsoft S.A.,Quito; Pichincha,Tiempo Completo,Contrato por tiempo indefinido,A convenir
Programador de APps,MEDIUM Multimedia,Quito; Pichincha,Tiempo Completo,Contrato de obra o labor,1;000.00 $ (Neto mensual)
Desarollador programador en web,Marco Maldonado,Quito; Pichincha,Tiempo Completo,Contrato por tiempo indefinido,450.00 $ (Neto mensual)
Programadores / Desarrolladores,SIBERIAN,Guayaquil; Guayas,Tiempo Completo,Contrato por tiempo indefinido,700.00 $ (Neto mensual)
Programador Java Senior,InSoft,Quito; Pichincha,Tiempo Completo,Contrato por tiempo indefinido,A convenir
Programador/a,Bangara S.A.,Quito; Pichincha,Tiempo Completo,Contrato por tiempo indefinido,1;200.00 $ (Neto mensual)
Programadores Java,Corporación Kruger,Quito; Pichincha,Tiempo Completo,Contrato por tiempo indefinido,1.00 $ (Neto mensual)
Desarrollador / Programador,Marco Maldonado,Quito; Pichincha,Tiempo Completo,Contrato por tiempo indefinido,450.00 $ (Neto mensual)
Programador/a web java,GEDATECU SA,Rumiñahui; Pichincha,Tiempo Completo,Contrato por tiempo indefinido,1.00 $ (Neto mensual)
Ing. en Sistemas/ Programador,Inveligent S. A.,Quito; Pichincha,Tiempo Completo,Contrato por tiempo indefinido,A convenir
