¿Es posible pasar parametros provenientes del html a alguna funcion que este contenida en el created() {&hellip; }?,0 ,0 ,2 
como mejorar el metodo buscar en c# con PagedList y Componente CHOSEN,0 ,0 ,9 
Comparar y Validar &ldquo;Hashing&rdquo; en Python,0 ,0 ,5 
Cómo truncar un numero a 2 decimales en Javascript,3 ,4 ,6k 
Error al intentar acceder a los atributos de una clase,0 ,1 ,23 
Trabajar columna de tipo string con acentos en pandas,0 ,1 ,18 
Api Rest; metodo get; como pasar parametros de tipo array,0 ,1 ,347 
Como enviar parametros por medio de ruta?,-1 ,1 ,13 
Problema con .width(),0 ,1 ,19 
Rails 5 relacion muchos a muchos,0 ,1 ,18 
Añadir valores a array [duplicada],0 ,1 ,19 
¿Como hago en react un checkbox que sleccione a todos los otros checkbox?,1 ,1 ,332 
asp:Repeater problemas con el switch(Checkbox) en &lt;label for=&ldquo;id_input&rdquo;&gt;&lt;/label&gt;,0 ,0 ,5 
Como crear VARIOS parámetros en una función y mandarlos a la función main (Return solo me retorna un valor) en C,0 ,0 ,12 
FC al seleccionar Fragment de Navigation Drawer,0 ,1 ,22 
¿Cómo limpar carácteres indeseables (SALTOS DE LINEA) en un texto? (Uncaught SyntaxError: Invalid or unexpected token),0 ,1 ,18 
Ejecutar dos programas al mismo tiempo,2 ,2 ,1k 
Como desplegar de forma correcta router-outlet del children dentro del parent,0 ,0 ,4 
Dar formato a hora y fecha en un formulario - Angularjs,0 ,0 ,4 
¿Cómo evitar la selección de valores NA en FactoInvestigate?,1 ,0 ,12 
¿Cómo verificar si una tag html es una tag especifica de un array &ldquo;.class&rdquo; desde JQuery?,0 ,2 ,7 
ayuda con este problema del computador,-1 ,0 ,12 
Utilidad de operador &ldquo; ~ &rdquo; en CSS,1 ,2 ,16 
Failed to resolve al compilar librería en android,1 ,1 ,10 
¿Comando exacto para ejecucion de comando en Mikrotik a travez de la API en PHP?,0 ,2 ,351 
Inicializar interface,0 ,1 ,23 
Como hacer para que un componente de boostrap se quede fijo,0 ,1 ,12 
sumar o dividir y que el resultado sea con dos decimales pero sin redondear javacript,0 ,3 ,24 
Abrir Bat como administrador desde linea de comandos del propio Bat,0 ,1 ,725 
JavaScript - Sustituir imagen dentro de una tabla utilizando document.getElementByTagName,1 ,0 ,16 
Uso de método diffForHumans() en Laravel,0 ,0 ,4 
¿Cómo usar AVG; SUM o MAX para comparación luego de un where o having?,1 ,1 ,24 
¿Como usar webRTC para enviar audio por red local?,-1 ,0 ,4 
contenido de navbar desaparece al hacer clic cuando colapsa,0 ,0 ,6 
PHP - Recorrer archivo CSV grande con funcion,2 ,1 ,331 
Modificar el archivo string.xml desde codigo java,0 ,1 ,22 
¿Cómo establecer una página principal por medio de htaccess?,0 ,1 ,17 
Duda para crear árbol binario de búsqueda para estructuras anidadas en C,1 ,0 ,14 
¿Comó itero un Json en angularjs; pero solo para obtener un elemento de distintos nodos?,0 ,0 ,6 
Calcular el área de un triángulo,2 ,1 ,75 
InfoWindow marker personalizado con datos en Android,3 ,1 ,3k 
Cómo puedo saber los 5 valores mayores y menores de un data frame? A qué columna pertenecen?,-2 ,1 ,15 
proyecto wordpress no envia correo; falla conexion SMTP,1 ,1 ,16 
¿ Cómo quitar totalmente la &ldquo;status bar&rdquo; y modificarla?,2 ,3 ,513 
Problema al enviar imagen por axios,0 ,0 ,4 
¿Como puedo crear una infowindow con mi ubicacion?(Android Studio) [duplicada],1 ,1 ,29 
Como quitar la ActionBar/ToolBar de mi aplicación Android,8 ,9 ,30k 
