Problema con .width(),0 ,1 ,19 
Añadir valores a array [en espera],0 ,1 ,19 
Como crear VARIOS parámetros en una función y mandarlos a la función main (Return solo me retorna un valor) en C,0 ,0 ,12 
ayuda con este problema del computador,-1 ,0 ,12 
Utilidad de operador &ldquo; ~ &rdquo; en CSS,1 ,2 ,16 
¿Cómo limpar carácteres indeseables (SALTOS DE LINEA) en un texto? (Uncaught SyntaxError: Invalid or unexpected token),0 ,1 ,18 
JavaScript - Sustituir imagen dentro de una tabla utilizando document.getElementByTagName,1 ,0 ,16 
Como hacer para que un componente de boostrap se quede fijo,0 ,1 ,12 
Como enviar parametros por medio de ruta?,-1 ,1 ,13 
Duda para crear árbol binario de búsqueda para estructuras anidadas en C,1 ,0 ,14 
¿Cómo evitar la selección de valores NA en FactoInvestigate?,1 ,0 ,12 
Librerias vs llamadas al sistema,-1 ,1 ,22 
Como pasar variables a esta funcion y extraer datos de una funcion? Javascript,0 ,1 ,15 
¿Cómo usar AVG; SUM o MAX para comparación luego de un where o having?,1 ,1 ,24 
Cómo puedo saber los 5 valores mayores y menores de un data frame? A qué columna pertenecen?,-2 ,1 ,15 
Trabajar columna de tipo string con acentos en pandas,0 ,1 ,18 
Inicializar interface,0 ,1 ,23 
A veces un enlace no responde ¿es normal?,0 ,0 ,11 
Laravel Carbon [escaped] no funciona,1 ,0 ,11 
Calcular el área de un triángulo,2 ,1 ,75 
Crear tabla HTML con Javascript,0 ,1 ,32 
Calcular MCD y mcm con javascript,0 ,0 ,21 
Error en RestApi Node + Express,0 ,1 ,12 
C# ¿Cómo declarar una variable con el nombre de una iteración de for?,-1 ,1 ,14 
Problema al generar la media de un array,0 ,1 ,26 
Transferencia de archivos incorrecta en Java,0 ,0 ,25 
WebScraping con Casperjs,0 ,0 ,11 
Modificar el archivo string.xml desde codigo java,0 ,1 ,22 
SSL para entorno local?,0 ,0 ,12 
Problema al descargar un xml para después mostrar,-1 ,1 ,17 
Error al intentar acceder a los atributos de una clase,0 ,1 ,23 
No funciona setlocale(LC_COLLATE; 'es_ES.utf8') en php,0 ,1 ,11 
Al consultar la función me da el resultado en &ldquo;null&rdquo; y necesito que me arroje un valor. (SQL),0 ,1 ,19 
Ayuda con una tabla dentro de un while php,0 ,1 ,39 
No funciona calculadora con javascript otra vez,1 ,2 ,19 
Error de JavaScript parseint is not defined,-1 ,2 ,21 
Los cambios que realizo en mi repositorio local no se actualizan en GitHub,-1 ,1 ,35 
¿Como uso sockets.io y express en mi pagina web?,-1 ,0 ,17 
Quiero ordenar usuarios por edad usando su Carnet de Identidad,-2 ,1 ,34 
¿Conectar foro con aplicación?,0 ,0 ,20 
sumar o dividir y que el resultado sea con dos decimales pero sin redondear javacript,0 ,3 ,24 
Not supported for select queries HIBERNATE+JAVA+HQL,1 ,0 ,15 
Restar 3 a toda la columna cada 30 días en &ldquo;monedero de usuario&rdquo;,-1 ,0 ,14 
Carga de controladores; método y parámetro en MVC,0 ,1 ,26 
¿como obtener substrings de una cadena en sql?,-2 ,0 ,29 
&ldquo;Hace cuento tiempo&rdquo; en Java,0 ,2 ,32 
HTML Poner en la misma línea dos elementos (una foto y un texto),0 ,2 ,24 
¿Cómo puedo iniciar un activity desde un fragment?,0 ,1 ,18 
