¿Cómo organizar una lista de colores de forma eficiente?,16 ,2 ,193 
Poner texto sobre un borde,4 ,3 ,96 
¿Cómo evitar que el usuario elimine la aplicación o elimine los datos del dispositivo android?,9 ,1 ,205 
Cual es la diferencia entre una etiqueta y un elemento en HTML,4 ,3 ,108 
¿Qué significa este selector CSS?,5 ,2 ,66 
Llenar una cantidad de elementos en un array,5 ,4 ,67 
¿Comillas dobles o comillas simples en HTML?,7 ,1 ,94 
¿Por qué este código tan simple y aparentemente correcto; da error de compilación?,1 ,5 ,120 
Como saber si una fecha se pasa de dos meses en JS [cerrada],3 ,2 ,83 
¿Qué significa &amp; antes de una variable?,3 ,1 ,64 
Cuál es la diferencia entre apt install y apt-get install?,8 ,2 ,76 
Comentar una linea en un fichero.log,3 ,1 ,59 
Imprimir las primeras letras de una frase,1 ,3 ,45 
Consulta inner join para mostrar el nombre con la id en dos tablas PHP,3 ,4 ,145 
Centrar dos botones dentro de una columna,3 ,2 ,47 
Darle eventos a un checkbox,1 ,4 ,59 
¿Cómo evitar un ataque GET de este tipo que convierte la web en un enlace a un video youtube?,2 ,3 ,96 
Obtener días - POO Javascript,4 ,3 ,58 
Ejecutar MYSQL en un script de tipo bash,0 ,3 ,79 
¿como bloquear el salto de linea en textarea?,2 ,2 ,60 
Calcular el área de un triángulo,2 ,1 ,75 
Error unknown type name 'Ä±??',3 ,1 ,45 
Vue iterar 2 array en un v-for con campos que tienen una relacion,3 ,3 ,35 
Validar campos vacios por metodo post en php,0 ,3 ,73 
¿Qué diferencia hay entre un contenedor y una máquina virtual?,2 ,2 ,55 
Verificar si un string es una fecha en PHP,3 ,3 ,90 
Que significa el siguiente icono amarillo en Eclipse?,0 ,1 ,68 
¿Me pueden explicar que significa &ldquo;paises.listIterator()&rdquo;?,1 ,2 ,62 
Iterar distintos bucles for en 1?,1 ,3 ,78 
Oscurecer el fondo al clicar en botón flotante,5 ,2 ,60 
Alinear elementos verticalmente,3 ,2 ,43 
¿Qué significa esta expresión regular? (Referencia de expresiones regulares),3 ,2 ,70 
¿Cuál es la diferencia entre poner #!/usr/bin/python y no ponerlo?,3 ,1 ,52 
Cambiar clase css dinamicamente en javascript,1 ,3 ,83 
Problemas al guardar fecha PHP,0 ,3 ,64 
¿Como habilitar un input text y un select que estan deshabilitados y contenidos en un tr?,2 ,3 ,61 
Javascript solo se me ejecuta en el primer elemento de la tabla,2 ,1 ,76 
Invertir un string sin .reverse(); en JS,-1 ,5 ,75 
Función que a veces recibe un parametro extra,0 ,1 ,69 
No entiendo como funciona Or en python refiero al codigo siguiente,3 ,1 ,40 
Estilo redondeado table html,1 ,3 ,84 
¿Por qué se puede instanciar esta interfaz?,1 ,1 ,83 
Dividir el ancho de la pantalla en dos contenedores,3 ,2 ,81 
¿Cómo podría hacer un div en forma de flecha al estar activa la opción?,2 ,2 ,63 
Algoritmo para convertir un número binario a un numero entero,3 ,2 ,63 
Superposicion de imagenes sin position:absolute,6 ,1 ,38 
Como puedo ejecutar acciones de un programa poniendo un '-' [cerrada],1 ,1 ,62 
Suma de las horas que entre dos fechas,5 ,1 ,78 
